Название производителя,Краткое описание,Сайт,Город/населенный пункт,Почтовый адрес,Номер телефона
Студия рекламных технологий СКА,Комплексное обслуживание Вашего бизнеса в сфере рекламы,www.studiyaska.ru,Владимир,"Владимирская область, Владимир, пр-т Ленина, 15А, офис 101",+7 (930) 830-15-56
ПромоТехнологии,Рекламно-производственная компания,www.pr-ekb.ru,Екатеринбург,"Свердловская область, Екатеринбург, Бажова, 79",+7 (343) 351-73-01
Алмаз-Плюс,Производственная компания,almazplus.ru,Волгоград,"Волгоградская область, Волгоград, Качуевской, 2Д",+7 (8442) 981072
Бегемот,Рекламно-производственная компания,www.begemot28.ru,Благовещенск,"Амурская область, Благовещенск, Островского, 38",+7 (4162) 214422
Атри+,полиграфическая компания,atriplus.com,Москва,"Москва, Волгоградский проспект, 45а",+7 (495) 380-21-80
Кенстайл-Принт,Типография,www.kenstyle-print.ru,Москва,"Москва, БЦ Головинские Пруды,Михалковская, 63Б ст4",+7 (495) 617-08-36
Унипак,Производство этикеток,,Санкт-Петербург,"Санкт-Петербург, ул. Кубинская, д. 75, корпус 1",+7 (812) 346-50-43
Агрополимер,полиграфическая фирма,,Волгоград,"Волгоградская область, Волгоград, Моторная, 5",+7 (8442) 531810
Имфлекс Холдинг,Производство и поставка БОПП ПЭТГ самоклеящаяся термоусадочная пленка,imflexshop.ru,Ступино,"Московская область, Ступино, Ул. Транспортная, 14 А, стр. 2",+7 (903) 667-27-88
«Полиграф-Центр Юг»,Производство этикетки и упаковки,poligraf-center.ru,Новочеркасск,"Ростовская область, Новочеркасск, Будённовская улица, 279В",+7 (8635) 226080
«КРЕАТИВ+»,рекламно-полиграфическая компания,kreativ-plus.ru,Калуга,"Калужская область, Калуга, Николо-Козинская, 29",+7 (4842) 751906
ПАЛИТРА,Рекламно-производственная компания,ра-палитра.рф,Абакан,"Республика Хакасия, Абакан, Торосова, 15а",+7 (3902) 305740
"Флексотипография ""ИскраУпак""",типография,iskra-po.ru,Смоленск,"Смоленская область, Смоленск, Бабушкина, 1",+7 (4812) 310799
ЯМАЙКА,Студия печати,www.i-maika.ru,Москва,"Москва, Новоспасский пер., д.3к2",+7 (499) 455-99-32
"Типография ""Этикетка плюс""",производство этикеток,rekflex.ru,Серпухов,"Московская область, Серпухов, 1-я  Московская, 6/29",+7 (926) 353-51-91
«ФИРМА СИГМА»,Полиграфическое предприятие,www.firma-sigma.ru,Москва,"Москва, ул. Введенского, д.8",+7 (495) 333-14-75
АРТУМ,"Типография, дизайн, бизнес сувениры в Подольске",artum-buro.ru,Подольск,"Московская область, Подольск, ул. 43-й Армии, 21",+7 (926) 058-59-59
Агентство рекламы,"Рекламное агентство полного цикла, типография",trioli-sochi.ru,Сочи,"Краснодарский край, Сочи, ул. Гагарина, д. 72, оф. 17",+7 (918) 371-15-58
ЗнакЪ Печати,Любые услуги полиграфии и типографии,www.znakpechati.ru,Ивантеевка,"Московская область, Ивантеевка, ул. Первомайская, 44, офис 4",+7 (909) 622-62-62
"""Мельница-Нк""",Рекламная мастерская полного цикла,мельница-нк.рф,Новокузнецк,"Кемеровская область, Новокузнецк, проезд Колхозный, д. 1",+7 (3843) 600690
Abrisvektor,Типография комплексных решений,argus-mgn.ru,Магнитогорск,"Челябинская область, Магнитогорск, ул. Галиуллина д. 1/1",+7 (3519) 590710
ПРАЙМ ЛЭЙБЛ,"Типография, производство и поставки качественной этикеточной продукции и сопутствующих расходных материалов для маркировки",primelabel.ru,Санкт-Петербург,"Санкт-Петербург, пр. Науки, д. 38",+7 (812) 407-34-01
Р.М.Пак,"Производство и продажа бумажной упаковки для пищевой промышленности, одноразовой",www.cafepack.ru,Санкт-Петербург,"Санкт-Петербург, Красногвардейский пер., д. 15",+7 (812) 320-65-70
Онли-Пресс,"Мы- рекламная, издательская, промышленная полиграфия, флексопечать и упаковка",only-press.ru,Санкт-Петербург,"Санкт-Петербург, Малая Разночинная, 9",+7 (812) 309-75-77
Маркет Сервис,Производство рулонной этикетки. Флексопечать,www.tipografiya-ms.ru,Орск,"Оренбургская область, Орск, пр. Мира, д. 15 Г",+7 (903) 395-93-97
ПроТехно,Полиграфическое оборудование. Расходные материалы,www.pro-tehno.ru,Санкт-Петербург,"Санкт-Петербург, Витебский проспект,  д. 11, литер С",+7 (812) 309-23-84
Палитра,типография,printpalitra.ru,Бийск,"Алтайский край, Бийск, Революции, 92 к5",+7 (3854) 356803
Интербэг плюс,Мы производим пакеты и плёнку для разных отраслей,www.interbag.ru,Новосибирск,"Новосибирская область, Новосибирск, Красный проспект, 220 к32",+7 (383) 209-22-52
« Пакторг»,производство  и продажа упаковочных материалов,www.sibtape.ru,Новосибирск,"Новосибирская область, Новосибирск, Кривощёковская, 1",+7 (383) 209-13-51
Типография «СТИК-ПРИНТ»,Этикетки на растения из сверхпрочного материала,www.stickprint.ru,Москва,"Москва, Кавказский бульвар дом 59",+7 (800) 201-55-65
«ПРО-Пакет»,Производство пакетов с логотипом,www.propacket.ru,Москва,"Москва, 1-й Кирпичный переулок, 4, стр. 2, офис 103",+7 (495) 722-20-78
"Студия печати ""CheesePhoto""","Оперативная полиграфия, сувенирное производство, фотосалон",cheese-khv.ru,Хабаровск,"Хабаровский край, Хабаровск, ул. Муравьева - Амурского, д. 15",+7 (4212) 936767
«Этикетка для Вас»,Типография,label4u.ru,Москва,"Москва, 1-ый Дорожный проезд, 7",+7 (495) 445-81-39
ПроТехно (Новосибирск),Полиграфическое оборудование. Расходные материалы,www.pro-tehno.ru,Новосибирск,"Новосибирская область, Новосибирск, ул Владимировская 26/1",+7 (963) 273-02-23
Петропакет,Производство бумажных крафт пакетов с флексопечатью до 8 цветов,snabupak.business.site,Санкт-Петербург,"Санкт-Петербург, ул. Автомобильная, д.4",+7 (812) 416-35-48
Русфлекс,Полный цикл производства гибкой упаковки,rusflex.com,Чехов,"Московская область, Чехов, д. Сергеево, ул. Промышленная, 26",+7 (495) 157-27-27
Partgifts,Корпоративные подарки,partgifts.ru,Москва,"Москва, Б. Новодмитровская, д. 14с.1",+7 (495) 275-26-76
Гуфи,"Флексографическая печать фирменной гибкой упаковки, викет-пакетов, этикеток.",gufi-flex.ru,Тамбов,"Тамбовская область, Тамбов, Успенская площадь, 1Б",+7 (953) 700-88-80
«Симбирск-Картон»,производственная компания,симбирск-картон.рф,Ульяновск,"Ульяновская область, Ульяновск, Инженерный 40-й проезд, 14",+7 (8422) 263430
«НИЖУПАК-НН»,Типография,nizhupak.ru,Нижний Новгород,"Нижегородская область, Нижний Новгород, Васенко, 4, офис 302",+7 (831) 270-43-15
Флексо-Пак,Изготовление самоклеящейся этикетки,www.fpack.ru,Белгород,"Белгородская область, Белгород, Белгородская обл., Белгородский р-н, с.Стрелецкое, пер.Королёва, 24",+7 (4722) 402010
ПолиграфРесурсы,Типография полного цикла,belpoligraf.ru,Белгород,"Белгородская область, Белгород, Студенческая, 19",+7 (4722) 267690
ЭФФЕКТ-ПРИНТ,полиграфическая компания,effect-print.ru,Москва,"Москва, Волоколамское шоссе, 112 к1 ст3",+7 (495) 220-34-24
Импресс,"Полиграфический комплекс полного цикла, специализирующийся на производстве самоклеящейся этикетки в рулоне и ролевой упаковки.",impress-print.ru,Барнаул,"Алтайский край, Барнаул, Калинина проспект,  116/44",+7 (3852) 282803
Промэтикет Плюс,Производство самоклеящихся этикеток,prometiket.ru,Клин,"Московская область, Клин, ул. Литейная, д. 20",+7 (49624) 50628
TopMayka,Шелкотрафаретная печать на футболках,top-mayka.ru,Симферополь,"Республика Крым, Симферополь, ул. Севастопольская, д. 42",+7 (978) 725-52-17
"Полиграфический Центр ""Новая Эра""","Полиграфические услуги:  изготовление самоклеющейся этикетки, печать газет и журналов",www.new-era3000.ru,Симферополь,"Республика Крым, Симферополь, ул. Жени Дерюгиной, д. 4, оф. 1",+7 (3652) 693609
Паритет,Типография полного цикла,sservis.com,Саянск,"Иркутская область, Саянск, микрорайон Строителей, д. 51",+7 (39553) 56715
ASK - FLEXO,Производство гибкой полимерной упаковки с флексопечатью,askflexo.ru,Махачкала,"Республика Дагестан, Махачкала, ул. Абу - Даги, д. 1",+7 (989) 891-46-86
ЭТИКЕТКА,Типография флексопечати самоклеящихся этикеток в рулонах,www.etiketka-flex.com,Оренбург,"Оренбургская область, Оренбург, ул. Подурова, д. 70 / 1",+7 (902) 411-00-51
ПолиграфТорг,Производство и продажа товаров для бизнеса,poligraftorg.ru,Кемерово,"Кемеровская область, Кемерово, Кузнецкий пр, д. 33Д",+7 (384) 278-09-90
Типография этикетки Самоклейка,"Печать самоклеящихся этикеток. Изготовление этикеток, наклеек, стикеров на заказ",samokleika.ru,Москва,"Москва, Дубининская, 55к1",+7 (495) 150-70-21
Zoom,Типография,zoom-nn.ru,Нижний Новгород,"Нижегородская область, Нижний Новгород, Должанская улица, 37",+7 (831) 215-13-16
Олимия,Печать самоклеящихся этикеток в рулонах,olimia.ru,Екатеринбург,"Свердловская область, Екатеринбург, Елизаветинское шоссе, 28, л/2",+7 (343) 361-24-69
"""НИИПХ-Полихим""",Производство и разработка лакокрасочных продуктов и растворителей,niipolihim.ru,Москва,"Москва, ул. Борисовские пруды, д. 12 корп. 1, оф. 167",+7 (495) 589-77-49
Гранат,Типография,www.granatprint23.ru,Краснодар,"Краснодарский край, Краснодар, Выгонная, 20/1",+7 (988) 521-96-42
Инвест - Пак,торгово-сервисная компания,i-pac.ru,Екатеринбург,"Свердловская область, Екатеринбург, ул. Советская, 16 (Цокольный этаж)",+7 (343) 310-01-02
«Башфлаг»,изготовление флагов в Уфе,bashflag.com,Уфа,"Республика Башкортостан, Уфа, ул. Менделеева 134/4Б",+7 (347) 275-97-44
"""Движение-ФлексТандем""",Широкоформатная печать,www.tandemflex.com,Кирово-Чепецк,"Кировская область, Кирово-Чепецк, Рудницкого, 29",+7 (83361) 5-10-50
УФ-Графика,Рекламно-производственная компания,fotomig76.ru,Ярославль,"Ярославская область, Ярославль, Толбухина проспект, 17",+7 (4852) 906642
ДАГПРЕСС-МЕДИА,Компания,dagpress.com,Махачкала,"Республика Дагестан, Махачкала, Ярагского, 8",+7 (8722) 681505
Marvel Print,Типография,www.marvelprint.ru,Санкт-Петербург,"Санкт-Петербург, Ленинский проспект, 153 лит А",+7 (812) 339-34-27
ПоЛиАРТ,Рекламно-полиграфическое агентство,rapoliart.ru,Оренбург,"Оренбургская область, Оренбург, Плеханова, 13",+7 (3532) 938113
Пакет-Сервис,производственная компания,пакет-сервис.рф,Москва,"Москва, проезд 4806, дом 6",+7 (962) 980-68-60
"""Ребус""",печать на любых поверхностях,,Оренбург,"Оренбургская область, Оренбург, пр. Победы, 162",+7 (922) 800-00-29
"Компания ""Карт-Мастер""",Изготовление пластиковых карт,kart-master116.ru,Набережные Челны,"Республика Татарстан, Набережные Челны, пр. Сююмбике, д. 15А (41/15А)",+7 (8552) 513298
ФлексоПАК,Изготовление самоклеящейся этикетки.,www.fpack.ru,Симферополь,"Республика Крым, Симферополь, село Курганное, ул. Животноводов, д. 1 Г",+7 (800) 775-46-95
Фотоатмосфера - фотопечать и печать на футболках,"ФотоАтмосфера - магазин футболок, толстовок в Королеве, предлагает красивый и качественный текстиль и опретивную печать на нем.",fotoatmosfera.ru,Королёв,"Московская область, Королёв, Циолковского 27",+7 (925) 809-61-44
Полибит,Печать полиграфии от прямого производителя в Новороссийске,,Новороссийск,"Краснодарский край, Новороссийск, ул. Толстого, д. 13",+7 (967) 651-11-88
Экологическая Инициатива Урал,"Производство полимерной бумаги, синтетической бумаги, упаковочных пленок",www.ecolen-ural.ru,Екатеринбург,"Свердловская область, Екатеринбург, Сысертский район, пос. Большой Исток, ул. Металлистов, д. 1",+7 (343) 216-65-70
Глянцевая Этикетка,Флексопечать этикеток для продуктов питания,glosslabel.ru,Ставрополь,"Ставропольский край, Ставрополь, ул. Революционная, 2в",+7 (968) 275-55-99
Авалон,Изготовление самоклеящихся этикеток,msk.avalonlabel.ru,Москва,"Москва, Ул. Рябиновая, 51а, стр. 1",+7 (800) 250-73-44
«Лейбл АйДи»,Мы производим и продаём термотрансферные и термоэтикетки для маркировки товаров,термо-этикетка.рф,Москва,"Москва, Ул. Новгородская, 1",+7 (495) 532-58-12
УФ-Графика,Рекламно-производственная компания,fotomig76.ru,Ярославль,"Ярославская область, Ярославль, Фрунзе проспект, 41",+7 (4852) 906642
Аструм,"Компания по производству этикетки, упаковки, пакетов",www.astrumbaik.ru,Иркутск,"Иркутская область, Иркутск, Шевцова, 10",+7 (3952) 779593
Диамант Флекс,Флексопечать на самых различных материалах,www.diamantflex.com,Бердск,"Новосибирская область, Бердск, Зелёная Роща, 7 к18",+7 (383) 299-56-38
Флексоцентр,Изготовление флексоформ. Допечатная подготовка. Цветопробы,flexocenter.com,Бердск,"Новосибирская область, Бердск, Николаева, 13",+7 (383) 363-59-87
ПЛАТИНА,Рекламно-производственная компания,www.platinadv.ru,Благовещенск,"Амурская область, Благовещенск, Амурская, 230",+7 (4162) 512771
«Полипак»,производитель пищевой упаковки.,polipak.org,Лермонтов,"Ставропольский край, Лермонтов, Комсомольская, 13",+7 (87935) 37415
Бюро+,Типография,www.buroplus.ru,Тюмень,"Тюменская область, Тюмень, Луначарского, 18",+7 (3452) 434654
bdPRINT,Типография,bd71print.ru,Тула,"Тульская область, Тула, Московская, 17",+7 (4872) 792306
УФ-Графика,Рекламно-производственная компания,fotomig76.ru,Ярославль,"Ярославская область, Ярославль, Октября проспект, 78д ст3",+7 (4852) 906642
УФ-Графика,Рекламно-производственная компания,fotomig76.ru,Ярославль,"Ярославская область, Ярославль, Гостиница Волжская,Судостроителей, 20",+7 (4852) 906642
ArttexStudio,Студия художественного текстиля,www.arttexstudio.su,Калуга,"Калужская область, Калуга, Театральная, 9",+7 (4842) 579359
Аструм,Торгово-производственная компания,www.astrumbaik.ru,Улан-Удэ,"Республика Бурятия, Улан-Удэ, Борсоева, 105 к8",+7 (3012) 204420
ИЗОСТУДИЯ,Рекламно-производственная компания,izostudia.net,Армавир,"Краснодарский край, Армавир, Маркова, 79",+7 (86137) 75600
Арт Имидж,Рекламно-производственная компания,www.artimage-don.ru,Ростов-на-Дону,"Ростовская область, Ростов-на-Дону, Гвардейский переулок, 61",+7 (863) 204-17-81
Байкал Лайн,Рекламно-производственная компания,www.baikalline.ru,Иркутск,"Иркутская область, Иркутск, Литвинова, 20 ст1",+7 (3952) 536652
Грау,производственно-оптовая компания,www.grau.ru,Кемерово,"Кемеровская область, Кемерово, Тайшетская, 2",+7 (800) 505-49-50
Пифагор Принт,Рекламно-полиграфическое агентство,www.pifagorprint.ru,Саратов,"Саратовская область, Саратов, Большая Казачья, 70",+7 (8452) 212327
Кремль,Рекламно-полиграфическое агентство,www.pifagorprint.ru,Саратов,"Саратовская область, Саратов, Большая Казачья, 70",+7 (8452) 212327
Мозаика-Медиа,Редакция,mosaica.ru,Ульяновск,"Ульяновская область, Ульяновск, Карла Маркса, 41",+7 (8422) 445353
Колорит,Рекламно-производственная компания,print23.ru,Краснодар,"Краснодарский край, Краснодар, Ростовское шоссе, 12/4",+7 (918) 276-95-07
Азимут,Научно-производственный центр новых технологий,www.azimutprint.ru,Ярославль,"Ярославская область, Ярославль, Тормозное шоссе, 1 ст13",+7 (4852) 280000
СИБИРЬ-ПАК,производственно-торговое предприятие,www.premierpack.ru,Омск,"Омская область, Омск, 10 лет Октября, 203в к7",+7 (3812) 446816
Листок,Полиграфическая компания,www.listok.org,Чебоксары,"Чувашская республика, Чебоксары, Ленинградская, 28",+7 (8352) 629000
Принт-Экспресс,Типография,print-express99.ru,Смоленск,"Смоленская область, Смоленск, СГАФКСТ, Гагарина проспект, 21",+7 (4812) 328070
Шедевр,Многопрофильная компания,шедевр74.рф,Челябинск,"Челябинская область, Челябинск, Свердловский проспект, 78",+7 (351) 248-49-64
Арт Лэнд,Рекламное агентство,633643.ru,Петрозаводск,"Республика Карелия, Петрозаводск, Луначарского, 15а",+7 (911) 400-36-43
ПоЛиАРТ,рекламно-полиграфическое агентство,www.kpoliart.ru,Оренбург,"Оренбургская область, Оренбург, Рыбаковская, 100",+7 (3532) 253360
ЮВЕНТА,Типография,www.ufaprint.ru,Уфа,"Республика Башкортостан, Уфа, Комсомольская, 122Б",+7 (347) 299-01-06
Стилягин,Типография,стилягин.рф,Челябинск,"Челябинская область, Челябинск, Братьев Кашириных, 87а",+7 (351) 250-00-10
Цеппелин,Рекламно-полиграфическая компания,www.ra-z.ru,Воронеж,"Воронежская область, Воронеж, Ворошилова, 50",+7 (473) 202-99-77
ГРАФИС,Типография,grafis-print.ru,Тула,"Тульская область, Тула, ТОЦ Магистраль, Болдина, 98",+7 (4872) 245677
Просвещение,рекламно-информационное агентство,pr174.ru,Челябинск,"Челябинская область, Челябинск, Энгельса, 69Б",+7 (351) 236-40-40
Альмарин,рекламно-производственная фирма,www.infodoski.ru,Челябинск,"Челябинская область, Челябинск, Доватора, 16а",+7 (351) 217-03-18
Пряник,Рекламно-полиграфическая фирма,pranik.ru,Челябинск,"Челябинская область, Челябинск, Постышева, 2/2",+7 (351) 326-70-10
Талекс Принт,Типография,talexprint.ru,Бердск,"Новосибирская область, Бердск, Ленина, 89/9",+7 (38341) 52223
Максима,производственно-торговая компания,www.maxima-nsk.ru,Новосибирск,"Новосибирская область, Новосибирск, Петухова, 79",+7 (383) 342-52-61
ПолимерПак,торгово-производственная компания,полимер-пак.рф,Новосибирск,"Новосибирская область, Новосибирск, Станционная, 59/1",+7 (383) 341-38-57
Компания АСТРУМ,компания по производству полиэтиленовой продукции,www.astrum.pro,Новосибирск,"Новосибирская область, Новосибирск, Красный проспект, 220 к19",+7 (383) 226-37-43
ПОЛИМИР,Рекламно-производственная компания,polimir-amur.ru,Благовещенск,"Амурская область, Благовещенск, Северная, 153",+7 (4162) 377333
Грани,Начни экономить с нами! Полиграфия и сувениры почти даром,grani.online,Благовещенск,"Амурская область, Благовещенск, Горького, 56",+7 (4162) 572667
Ситалл,Типография,www.sitall.com,Красноярск,"Красноярский край, Красноярск, Борисова, 14 ст2",+7 (391) 218-05-15
Куранты,Типография,www.kurantyprint.ru,Казань,"Республика Татарстан, Казань, Сибирский тракт, 34 к14",+8 (800) 555-40-22
Тафлекс,Сервисно-производственная компания,www.taflex-corp.ru,Казань,"Республика Татарстан, Казань, Техническая, 23а",+7 (962) 559-09-77
СТМ,Торгово-полиграфическая компания,www.ctm-company.ru,Самара,"Самарская область, Самара, Чернореченская, 6 лит2",+7 (846) 336-33-10
FotoArt,Центр фотоуслуг и термопечати,www.fotoart72.ru,Тюмень,"Тюменская область, Тюмень, Холодильная, 122",+7 (904) 499-97-51
Соло,Типография,www.solo.su,Пенза,"Пензенская область, Пенза, Победы проспект, 69",+7 (8412) 559128
Morsa,рекламная группа,www.morsa.ru,Новокузнецк,"Кемеровская область, Новокузнецк, Орджоникидзе, 13",+7 (3843) 561110
1-я рекламная помощь,Рекламно-производственная компания,prpkld.com,Калининград,"Калининградская область, Калининград, Калининград",+7 (4012) 390286
Риол Принт,Рекламно-производственная фирма,riolprint.ru,Москва,"Москва, Кабельная 2-я, 2 ст9",+7 (495) 922-72-18
ОРМ,Полиграфическая компания,www.ormgroup.ru,Пушкино,"Московская область, Пушкино, Фабричный 2-й проезд, 16",+7 (903) 237-10-40
Флексознак,Полиграфическая компания,www.flexoznak.ru,Москва,"Москва, Остаповский проезд, 12 ст6",+7 (499) 578-04-88
«ВМС-Принт»,типография,www.vms-print.ru,Подольск,"Московская область, Подольск, Нефтебазовский проезд, 6",+7 (495) 925-51-38
Сити Медиа Принт,Полиграфическая компания,cmprint.ru,Москва,"Москва, Даниловская Набережная, 8 ст2",+7 (964) 627-91-56
Brendlabel,Производственная компания,www.brendlabel.ru,Москва,"Москва, Адмирала Макарова, 4",+7 (499) 270-03-41
Рекламно- производственная компания ERA PRINT,Рекламная компания предоставляет широкий спектр рекламных услуг,,Симферополь,"Республика Крым, Симферополь, ул. Чехова,  дом 2, офис 407",+7 (978) 033-60-11
ПринтВам,Студия профессиональной печати на текстиле,printvam.ru,Королёв,"Московская область, Королёв, Циолковскго 27",+7 (925) 809-61-44
РОСТ-ПЕРМЬ,Типография,www.rost-perm.ru,Пермь,"Пермский край, Пермь, Белоярский 2-й переулок, 5",+7 (342) 207-90-11
Ремас-Флексо,Типография,www.remas.ru,Ижевск,"Удмуртская республика, Ижевск, Воткинское шоссе, 186",+7 (3412) 935023
Фрукт,Рекламно-производственная фирма,youfrukt.ru,Краснодар,"Краснодарский край, Краснодар, Кубанская Набережная, 33",+7 (965) 464-56-00
Эпиграф,Типография,www.epigraf.ru,Санкт-Петербург,"Санкт-Петербург, Набережная Обводного канала, 134-138 к106",+7 (812) 495-91-19
Империя ПАК,Производственная компания,imperia-pack.ru,Москва,"Москва, Софьи Ковалевской, 1 ст2",+7 (495) 502-41-22
PRINTHIT,Интернет-типография,printhit.org,Краснодар,"Краснодарский край, Краснодар, Тургенева, 148/1",+7 (861) 204-12-10
Лист,Фотокопицентр,fotosalon-list.ru,Санкт-Петербург,"Санкт-Петербург, Авиаконструкторов проспект, 2",+7 (952) 097-71-87
Ch.R Group,Дизайн-студия,chr-group.ru,Москва,"Москва, Омега Плаза, Ленинская Слобода, 19",+7 (499) 130-90-94
ULTRA-market,Шоу-рум,моякартина.рф,Ижевск,"Удмуртская республика, Ижевск, СЦ Азбука ремонта, Молодёжная, 107Б",+7 (3412) 311022
Икс-принт,Рекламно-производственная компания,www.x-print.ru,Санкт-Петербург,"Санкт-Петербург, Большой Сампсониевский проспект, 47",+7 (812) 676-35-14
Издат-Черноземье,Универсальная типография,www.izdat-chern.ru,Воронеж,"Воронежская область, Воронеж, Краснодонская, 16и",+7 (473) 239-66-55
ПЕЧАТНИК,Компания по производству скотча с логотипом,3810333.ru,Новосибирск,"Новосибирская область, Новосибирск, Королёва, 40 к27",+7 (383) 381-03-33
NOTAPRINT,Онлайн-типография,www.nota30.ru,Астрахань,"Астраханская область, Астрахань, Джона Рида, 12а",+7 (8512) 996321
FotoArt,Центр фотоуслуг и термопечати,www.fotoart72.ru,Тюмень,"Тюменская область, Тюмень, Пржевальского, 36",+7 (904) 499-97-51
Авангард-принт,Типография,xprint-msk.ru,Москва,"Москва, Пыжевский переулок, 5 ст2",+8 (800) 550-67-20
НОВА,Рекламное агентство,www.stdnova.ru,Тюмень,"Тюменская область, Тюмень, Советская, 3",+7 (3452) 530163
Ямайки,Дизайн-студия,www.yamaiki.ru,Пермь,"Пермский край, Пермь, Водопроводная 3-я, 1 ст1",+7 (342) 247-91-18
Браслет Промо,Производственная компания,brasletpromo.ru,Екатеринбург,"Свердловская область, Екатеринбург, БЦ Nebo, Народной Воли, 65",+8 (804) 333-80-33
ПакетБери,Типография,paketberi.ru,Санкт-Петербург,"Санкт-Петербург, Подъездной переулок, 18",+7 (812) 380-73-71
Megaflexspb,Типография,megaflexspb.ru,Санкт-Петербург,"Санкт-Петербург, Смолячкова, 4/2",+7 (921) 900-05-44
САНЯ,Группа компаний,sanyaspb.ru,Санкт-Петербург,"Санкт-Петербург, Литейный проспект, 64",+7 (812) 748-91-63
ЛеоУпак,Рекламно-производственная компания,www.leoupak.ru,Краснодар,"Краснодарский край, Краснодар, Стахановская, 7",+7 (918) 128-42-88
Термофлекс-Юг,Компания по производству самоклеящихся этикеток,termoflexug.ru,Воронеж,"Воронежская область, Воронеж, Новосибирская, 13Б",+8 (800) 700-98-19
Фиолет,Рекламное агентство,fioleet.ru,Щёкино,"Тульская область, Щёкино, Советская, 20",+7 (953) 194-40-46
Look,Мастерская,horswear.ru,Оренбург,"Оренбургская область, Оренбург, Коммунальный переулок, 5/15",+8 (800) 700-89-02
Линия,Типография,linia-sochi.ru,Сочи,"Краснодарский край, Сочи, Политехническая, 62/1",+7 (862) 296-54-95
PAKET05,Компания,paket05.ru,Махачкала,"Республика Дагестан, Махачкала, Гагарина, 23",+7 (988) 784-08-08
Термофлекс-юг,Компания по производству самоклеящихся этикеток,termoflexug.ru,Волгоград,"Волгоградская область, Волгоград, Козловская, 34Б",+7 (8442) 597682
ВеАрт,Рекламно-полиграфическая фирма,veartkzn.ru,Казань,"Республика Татарстан, Казань, Чистопольская, 22",+7 (987) 290-43-36
Либерти Арт,Рекламно-производственная компания,www.liberty-art.ru,Москва,"Москва, Борисовские Пруды, 1 ст1",+7 (926) 337-81-54
ЦКТ-РЕГИОНЫ,Торгово-производственная компания,price-etiketka.ru,Нижний Новгород,"Нижегородская область, Нижний Новгород, Нижне-Волжская Набережная, 6/1",+7 (831) 435-18-09
Квартет,Типография,kvartet52.ru,Нижний Новгород,"Нижегородская область, Нижний Новгород, Долгополова, 77",+7 (831) 282-05-01
Рекламные Сувениры,Рекламно-производственная компания,www.krs-vl.ru,Хабаровск,"Хабаровский край, Хабаровск, Фрунзе, 119",+7 (909) 843-18-43
АРТУМ,Типография,artum-buro.ru,Подольск,"Московская область, Подольск, Юбилейная, 32Б",+7 (926) 553-90-16
Зэт стиль,Производственная компания,www.z-stil.ru,Люберцы,"Московская область, Люберцы, 3 Почтовое отделение, 49 к1",+7 (977) 128-01-89
МГК,Полиграфическая фирма,mgkprint.ru,Санкт-Петербург,"Санкт-Петербург, Парковая, 6 лит А",+7 (812) 326-94-00
Идея Дизайн Групп,Студия дизайна и рекламного производства,дизайнидея.com,Владивосток,"Приморский край, Владивосток, 100-летия Владивостока проспект, 155",+7 (966) 274-90-27
Фиолет,Рекламное агентство,fioleet.ru,Щёкино,"Тульская область, Щёкино, Лукашина, 4",+7 (953) 194-40-46
яМайка,Студия печати,www.i-maika.ru,Москва,"Москва, Новоспасский переулок, 3 к2",+7 (499) 577-00-05
Территория рекламы,Рекламно-производственная компания,idea-dv.ru,Хабаровск,"Хабаровский край, Хабаровск, Павла Морозова, 113",+7 (4212) 602955
АЕпринт,Рекламно-производственная компания,aeprint.ru,Екатеринбург,"Свердловская область, Екатеринбург, БЦ Nebo, Народной Воли, 65",+7 (343) 204-77-78
InfoCard,Производственно-полиграфическая компания,www.infocardltd.ru,Санкт-Петербург,"Санкт-Петербург, 9-я линия В.О., 12",+7 (812) 490-77-50
НОВА,Рекламное агентство,www.stdnova.ru,Тюмень,"Тюменская область, Тюмень, Советская, 3",+7 (3452) 530563
34CMYK.RU,Производственно-полиграфическая компания,34cmyk.ru,Волгоград,"Волгоградская область, Волгоград, Коммунистическая, 16",+7 (8442) 503404
ИМПРЕСС АРТ,Типография,www.im-press.ru,Пушкино,"Московская область, Пушкино, Московский проспект, 55",+7 (495) 993-33-23
Красный Квадрат,Рекламная группа,www.redkvadrat.net,Кемерово,"Кемеровская область, Кемерово, ЦУМ, Кирова, 37",+7 (3842) 770700
ПАККЕР,Торгово-производственная фирма,www.packer-dv.ru,Владивосток,"Приморский край, Владивосток, Карьерная, 3 ст5",+7 (423) 279-05-86
Юлис,Типография. Полиграфические услуги. Сувенирная продукция.,www.yulis.ru,Тамбов,"Тамбовская область, Тамбов, Монтажников, 9",+7 (4752) 756444
Типография «КАСП ПЛЮС»,,www.kaspplus.ru,Сочи,"Краснодарский край, Сочи, переулок Виноградный, 2А",+7 (861) 207-17-12
«Пакторг»,Обособленное подразделение,www.sibtape.ru,Новосибирск,"Новосибирская область, Новосибирск, п. Двуречье, ул. Юбилейная, 19  Офис-склад",+7 (383) 347-10-84
Печатный дом DSM,Полный спектр полиграфических услуг,dsm-print.ru,Самара,"Самарская область, Самара, ул. Верхне-Карьерная, д. 3А",+7 (800) 250-75-73
Доброфлекс,Производство рулонных самоклеящихся этикеток,dobroflex.ru,Ростов-на-Дону,"Ростовская область, Ростов-на-Дону, Королева, 8/2",+7 (961) 281-10-65
Флекстейп,услуги флексопечать на колбасных оболочках,flex-tape.ru,Липецк,"Липецкая область, Липецк, ул. Ковалева, д.109 К",+7 (474) 224-02-94
Карамель,Рекламное агентство,304777.ru,Южно-Сахалинск,"Сахалинская область, Южно-Сахалинск, Бумажная, 32/1",+7 (4242) 304777
Пайрам,творческая мастерская,pairam.ru,Абакан,"Республика Хакасия, Абакан, Черногорск, Пушкина, 5",+7 (39031) 23578
Комус-Кубань,торгово-полиграфическая компания,www.komus.ru,Новороссийск,"Краснодарский край, Новороссийск, Мысхакское шоссе, 57",+7 (8617) 607041
Курс`13,Рекламно-полиграфическое агентство,kurs13.ru,Саранск,"Республика Мордовия, Саранск, Васенко, 15",+7 (927) 974-66-66
Хакпак,торгово-производственное предприятие,xakpak.ru,Абакан,"Республика Хакасия, Абакан, Итыгина, 20а",+7 (909) 524-45-09
АО «Кострома»,Издательско-полиграфическое предприятие,ipp.kostroma.ru,Кострома,"Костромская область, Кострома, Самоковская, 10",+7 (4942) 491511
Комус-Кубань,Ставропольский филиал,www.komus.com,Ставрополь,"Ставропольский край, Ставрополь, Кулакова проспект, 10е",+7 (8652) 560376
Хорошее продвижение,Типография,www.hopro.ru,Калуга,"Калужская область, Калуга, Грабцевское шоссе, 37Б",+7 (910) 707-11-25
РЕКЛАМА33.РФ,Рекламно-полиграфическое агентство,реклама33.рф,Владимир,"Владимирская область, Владимир, ул. Песочная,  д. 2д",+7 (4922) 461818
Рек-Таймс,Типография,rek-times.ru,Владимир,"Владимирская область, Владимир, Северная, 38а",+7 (4922) 531676
Меньщиков К.А.,Оптово-розничная компания,maks-s.ru,Владимир,"Владимирская область, Владимир, 850-летия, 3",+7 (4922) 537799
Полиграф Плюс,полиграфическая компания,poli33.ru,Владимир,"Владимирская область, Владимир, Батурина, 39",+7 (4922) 447282
Эластика,Типография,эластика.рф,Абакан,"Республика Хакасия, Абакан, Флотская, 13д",+7 (3902) 297677
ЛейблПак,фабрика упаковки,www.packfactory.ru,Курск,"Курская область, Курск, Агрегатная 3-я, 23м",+7 (4712) 341688
Биомикс,торговая компания,биомикс.рф,Хабаровск,"Хабаровский край, Хабаровск, Краснореченская, 157а",+7 (4212) 461871
Фокус Принт,рекламно-производственная компания,fokus-print-reklamno.tiu.ru,Иркутск,"Иркутская область, Иркутск, Безбокова, 5",+7 (3952) 609128
Полимакс,Типография,,Иркутск,"Иркутская область, Иркутск, Байкальская, 180/1",+7 (3952) 559966
АЛЕКСАНДРИТ-СЕРВИС,рекламно-полиграфическая компания,www.aleksandrit26.ru,Ставрополь,"Ставропольский край, Ставрополь, Пирогова, 15/1",+7 (8652) 465468
Рекламно-сувенирная компания «Авакс».,рекламно-сувенирная компания,www.avakskmv.ru,Ставрополь,"Ставропольский край, Ставрополь, ул. Льва Толстого, 114",+7 (8652) 350219
Аква Маркет,производственно-торговая компания,www.vodovos.ru,Омск,"Омская область, Омск, 22 Партсъезда, 103а",+7 (3812) 908364
Аквабаза,производственно-торговая компания,aquabaza.tiu.ru,Омск,"Омская область, Омск, Омская, 214 к1",+7 (3812) 328860
Жук,издательство,www.654515.com,Хабаровск,"Хабаровский край, Хабаровск, Радищева, 6/1",+7 (4212) 654515
А-графика,Типография,www.agrafika.ru,Хабаровск,"Хабаровский край, Хабаровск, Постышева, 16",+7 (4212) 609202
ПромУпак,производственная компания,www.promupak.net,Хабаровск,"Хабаровский край, Хабаровск, Центральная, 24",+7 (4212) 416621
ТЭНА,Типография,www.tenaprint.ru,Тольятти,"Самарская область, Тольятти, Юбилейная, 6",+7 (8482) 708709
СуперПринт,полиграфическая фирма,www.superprint63.ru,Тольятти,"Самарская область, Тольятти, Мира, 135",+7 (8482) 263389
СуперПринт,Полиграфическая фирма,www.superprint63.ru,Тольятти,"Самарская область, Тольятти, Поволжское шоссе, 33г",+7 (8482) 601230
Рена Тольятти,Производственно-торговая фирма,www.rena-tlt.ru,Тольятти,"Самарская область, Тольятти, 40 лет Победы, 19Б",+7 (8482) 557761
Полимер,торгово-производственная компания,полимер-тольятти.рф,Тольятти,"Самарская область, Тольятти, Спортивная (Автозаводский), 18в",+7 (8482) 617793
Абрис,Центр полиграфии,abris32.ru,Брянск,"Брянская область, Брянск, Горького, 2а",+7 (4832) 641004
Промупак-Барнаул,торгово-производственная компания,www.promupak.su,Барнаул,"Алтайский край, Барнаул, Прудской пер, 69Б",+7 (3852) 504484
DeLogic,Производственно-торговая фирма,www.delogic.ru,Ростов-на-Дону,"Ростовская область, Ростов-на-Дону, 13-я линия, 20",+7 (863) 200-20-32
АРТ-ИНФО,Типография,etiketka-tambov.com,Тамбов,"Тамбовская область, Тамбов, Московская, 14 ст1",+7 (4752) 722261
Арт-Статус,рекламно-полиграфическое агентство,artstatus.su,Ростов-на-Дону,"Ростовская область, Ростов-на-Дону, Будённовский проспект, 80",+7 (863) 232-89-60
РЕКЛАМАНИЯ,многопрофильное агентство,,Ростов-на-Дону,"Ростовская область, Ростов-на-Дону, Менжинского, 2л",+7 (863) 300-16-33
Март-Медиа,рекламно-полиграфическое агентство,www.mart-media.irnd.ru,Ростов-на-Дону,"Ростовская область, Ростов-на-Дону, Чехова проспект, 71",+7 (863) 269-75-60
СИА-медиа,рекламно-полиграфическое агентство,www.siamedia.ru,Ростов-на-Дону,"Ростовская область, Ростов-на-Дону, Береговая, 67",+7 (863) 263-54-34
Гармония,рекламно-полиграфическая фирма,www.suvenir-rostov.ru,Ростов-на-Дону,"Ростовская область, Ростов-на-Дону, Вавилова, 59в",+7 (863) 294-37-99
Лекси,Торгово-производственная компания,www.lexidv.ru,Хабаровск,"Хабаровский край, Хабаровск, Кирова, 1 к Т",+7 (4212) 489310
Мир печати,Типография,worldprint.su,Ростов-на-Дону,"Ростовская область, Ростов-на-Дону, Ростовский порт, Береговая, 30",+7 (863) 259-82-30
КБТ Плюс,Производственная компания,kbt-rnd.ru,Ростов-на-Дону,"Ростовская область, Ростов-на-Дону, Украинская, 28",+7 (863) 294-17-80
Юнипак Ростов,полиграфическая компания,www.unipack-rostov.ru,Ростов-на-Дону,"Ростовская область, Ростов-на-Дону, Ворошиловский проспект, 9",+7 (863) 200-11-77
Card Group,Производственная компания,cardgroup.pro,Ростов-на-Дону,"Ростовская область, Ростов-на-Дону, Стачки проспект, 247",+7 (903) 406-24-88
Аврора,типография,www.aurora-print.ru,Ростов-на-Дону,"Ростовская область, Ростов-на-Дону, Технологический пер, 3Б",+7 (863) 219-84-61
«Атлантис-Пак»,производственно-коммерческая фирма,www.atlantis-pak.ru,Аксай,"Ростовская область, Аксай, хутор Ленина, улица Онучкина, дом 72",+7 (800) 500-85-85
Рубин,Типография,rubin-flex.ru,Ростов-на-Дону,"Ростовская область, Ростов-на-Дону, Советская, 57",+7 (863) 253-46-11
Сибагро К,группа компаний,sibagro.su,Иркутск,"Иркутская область, Иркутск, Полярная, 201",+7 (3952) 399884
ИРСИ,Рекламно-издательская компания,www.irsi.ru,Иркутск,"Иркутская область, Иркутск, БЦ Europlaza, Карла Либкнехта, 121",+7 (3952) 706298
